CREATE DATABASE  IF NOT EXISTS `redmine` /*!40100 DEFAULT CHARACTER SET utf8 */;
USE `redmine`;
-- MySQL dump 10.13  Distrib 5.1.34, for apple-darwin9.5.0 (i386)
--
-- Host: localhost    Database: redmine
-- ------------------------------------------------------
-- Server version	5.1.54

/*!40101 SET @OLD_CHARACTER_SET_CLIENT=@@CHARACTER_SET_CLIENT */;
/*!40101 SET @OLD_CHARACTER_SET_RESULTS=@@CHARACTER_SET_RESULTS */;
/*!40101 SET @OLD_COLLATION_CONNECTION=@@COLLATION_CONNECTION */;
/*!40101 SET NAMES utf8 */;
/*!40103 SET @OLD_TIME_ZONE=@@TIME_ZONE */;
/*!40103 SET TIME_ZONE='+00:00' */;
/*!40014 SET @OLD_UNIQUE_CHECKS=@@UNIQUE_CHECKS, UNIQUE_CHECKS=0 */;
/*!40014 SET @OLD_FOREIGN_KEY_CHECKS=@@FOREIGN_KEY_CHECKS, FOREIGN_KEY_CHECKS=0 */;
/*!40101 SET @OLD_SQL_MODE=@@SQL_MODE, SQL_MODE='NO_AUTO_VALUE_ON_ZERO' */;
/*!40111 SET @OLD_SQL_NOTES=@@SQL_NOTES, SQL_NOTES=0 */;

--
-- Table structure for table `attachments`
--

DROP TABLE IF EXISTS `attachments`;
/*!40101 SET @saved_cs_client     = @@character_set_client */;
/*!40101 SET character_set_client = utf8 */;
CREATE TABLE `attachments` (
  `id` int(11) NOT NULL AUTO_INCREMENT,
  `container_id` int(11) NOT NULL DEFAULT '0',
  `container_type` varchar(30) NOT NULL DEFAULT '',
  `filename` varchar(255) NOT NULL DEFAULT '',
  `disk_filename` varchar(255) NOT NULL DEFAULT '',
  `filesize` int(11) NOT NULL DEFAULT '0',
  `content_type` varchar(255) DEFAULT '',
  `digest` varchar(40) NOT NULL DEFAULT '',
  `downloads` int(11) NOT NULL DEFAULT '0',
  `author_id` int(11) NOT NULL DEFAULT '0',
  `created_on` datetime DEFAULT NULL,
  `description` varchar(255) DEFAULT NULL,
  PRIMARY KEY (`id`),
  KEY `index_attachments_on_container_id_and_container_type` (`container_id`,`container_type`),
  KEY `index_attachments_on_author_id` (`author_id`),
  KEY `index_attachments_on_created_on` (`created_on`)
) ENGINE=InnoDB AUTO_INCREMENT=4 DEFAULT CHARSET=utf8;
/*!40101 SET character_set_client = @saved_cs_client */;

--
-- Dumping data for table `attachments`
--

LOCK TABLES `attachments` WRITE;
/*!40000 ALTER TABLE `attachments` DISABLE KEYS */;
INSERT INTO `attachments` VALUES (1,1,'Issue','models.png','110512120904_models.png',1046314,'image/png','e34b4f4ef9e8e5cafa71aa193dac025a',0,3,'2011-05-12 12:09:04',''),(2,1,'WikiPage','poster2.pdf','110512134741_poster2.pdf',186075,'application/download','6410df36bbb688ab52a0aa000df95e79',0,3,'2011-05-12 13:47:41','un pdf'),(3,4,'Version','README.rdoc','110512140441_README.rdoc',208,'application/octet-stream','67c937b1f1d0603e69f322de34bbfe04',0,1,'2011-05-12 14:04:41','');
/*!40000 ALTER TABLE `attachments` ENABLE KEYS */;
UNLOCK TABLES;

--
-- Table structure for table `messages`
--

DROP TABLE IF EXISTS `messages`;
/*!40101 SET @saved_cs_client     = @@character_set_client */;
/*!40101 SET character_set_client = utf8 */;
CREATE TABLE `messages` (
  `id` int(11) NOT NULL AUTO_INCREMENT,
  `board_id` int(11) NOT NULL,
  `parent_id` int(11) DEFAULT NULL,
  `subject` varchar(255) NOT NULL DEFAULT '',
  `content` text,
  `author_id` int(11) DEFAULT NULL,
  `replies_count` int(11) NOT NULL DEFAULT '0',
  `last_reply_id` int(11) DEFAULT NULL,
  `created_on` datetime NOT NULL,
  `updated_on` datetime NOT NULL,
  `locked` tinyint(1) DEFAULT '0',
  `sticky` int(11) DEFAULT '0',
  PRIMARY KEY (`id`),
  KEY `messages_board_id` (`board_id`),
  KEY `messages_parent_id` (`parent_id`),
  KEY `index_messages_on_last_reply_id` (`last_reply_id`),
  KEY `index_messages_on_author_id` (`author_id`),
  KEY `index_messages_on_created_on` (`created_on`)
) ENGINE=InnoDB AUTO_INCREMENT=3 DEFAULT CHARSET=utf8;
/*!40101 SET character_set_client = @saved_cs_client */;

--
-- Dumping data for table `messages`
--

LOCK TABLES `messages` WRITE;
/*!40000 ALTER TABLE `messages` DISABLE KEYS */;
INSERT INTO `messages` VALUES (1,1,NULL,'E\' un miracolo','2 x 2 = 3,999999',3,1,2,'2011-05-12 14:01:12','2011-05-12 14:01:34',0,0),(2,1,1,'RE: E\' un miracolo','wiuerhiuwehriuwer',3,0,NULL,'2011-05-12 14:01:34','2011-05-12 14:01:34',0,0);
/*!40000 ALTER TABLE `messages` ENABLE KEYS */;
UNLOCK TABLES;

--
-- Table structure for table `trackers`
--

DROP TABLE IF EXISTS `trackers`;
/*!40101 SET @saved_cs_client     = @@character_set_client */;
/*!40101 SET character_set_client = utf8 */;
CREATE TABLE `trackers` (
  `id` int(11) NOT NULL AUTO_INCREMENT,
  `name` varchar(30) NOT NULL DEFAULT '',
  `is_in_chlog` tinyint(1) NOT NULL DEFAULT '0',
  `position` int(11) DEFAULT '1',
  `is_in_roadmap` tinyint(1) NOT NULL DEFAULT '1',
  PRIMARY KEY (`id`)
) ENGINE=InnoDB AUTO_INCREMENT=3 DEFAULT CHARSET=utf8;
/*!40101 SET character_set_client = @saved_cs_client */;

--
-- Dumping data for table `trackers`
--

LOCK TABLES `trackers` WRITE;
/*!40000 ALTER TABLE `trackers` DISABLE KEYS */;
INSERT INTO `trackers` VALUES (1,'BUG',0,1,1),(2,'FEATURE',0,2,1);
/*!40000 ALTER TABLE `trackers` ENABLE KEYS */;
UNLOCK TABLES;

--
-- Table structure for table `changesets_issues`
--

DROP TABLE IF EXISTS `changesets_issues`;
/*!40101 SET @saved_cs_client     = @@character_set_client */;
/*!40101 SET character_set_client = utf8 */;
CREATE TABLE `changesets_issues` (
  `changeset_id` int(11) NOT NULL,
  `issue_id` int(11) NOT NULL,
  UNIQUE KEY `changesets_issues_ids` (`changeset_id`,`issue_id`)
) ENGINE=InnoDB DEFAULT CHARSET=utf8;
/*!40101 SET character_set_client = @saved_cs_client */;

--
-- Dumping data for table `changesets_issues`
--

LOCK TABLES `changesets_issues` WRITE;
/*!40000 ALTER TABLE `changesets_issues` DISABLE KEYS */;
/*!40000 ALTER TABLE `changesets_issues` ENABLE KEYS */;
UNLOCK TABLES;

--
-- Table structure for table `issues`
--

DROP TABLE IF EXISTS `issues`;
/*!40101 SET @saved_cs_client     = @@character_set_client */;
/*!40101 SET character_set_client = utf8 */;
CREATE TABLE `issues` (
  `id` int(11) NOT NULL AUTO_INCREMENT,
  `tracker_id` int(11) NOT NULL DEFAULT '0',
  `project_id` int(11) NOT NULL DEFAULT '0',
  `subject` varchar(255) NOT NULL DEFAULT '',
  `description` text,
  `due_date` date DEFAULT NULL,
  `category_id` int(11) DEFAULT NULL,
  `status_id` int(11) NOT NULL DEFAULT '0',
  `assigned_to_id` int(11) DEFAULT NULL,
  `priority_id` int(11) NOT NULL DEFAULT '0',
  `fixed_version_id` int(11) DEFAULT NULL,
  `author_id` int(11) NOT NULL DEFAULT '0',
  `lock_version` int(11) NOT NULL DEFAULT '0',
  `created_on` datetime DEFAULT NULL,
  `updated_on` datetime DEFAULT NULL,
  `start_date` date DEFAULT NULL,
  `done_ratio` int(11) NOT NULL DEFAULT '0',
  `estimated_hours` float DEFAULT NULL,
  `parent_id` int(11) DEFAULT NULL,
  `root_id` int(11) DEFAULT NULL,
  `lft` int(11) DEFAULT NULL,
  `rgt` int(11) DEFAULT NULL,
  PRIMARY KEY (`id`),
  KEY `issues_project_id` (`project_id`),
  KEY `index_issues_on_status_id` (`status_id`),
  KEY `index_issues_on_category_id` (`category_id`),
  KEY `index_issues_on_assigned_to_id` (`assigned_to_id`),
  KEY `index_issues_on_fixed_version_id` (`fixed_version_id`),
  KEY `index_issues_on_tracker_id` (`tracker_id`),
  KEY `index_issues_on_priority_id` (`priority_id`),
  KEY `index_issues_on_author_id` (`author_id`),
  KEY `index_issues_on_created_on` (`created_on`),
  KEY `index_issues_on_root_id_and_lft_and_rgt` (`root_id`,`lft`,`rgt`)
) ENGINE=InnoDB AUTO_INCREMENT=5 DEFAULT CHARSET=utf8;
/*!40101 SET character_set_client = @saved_cs_client */;

--
-- Dumping data for table `issues`
--

LOCK TABLES `issues` WRITE;
/*!40000 ALTER TABLE `issues` DISABLE KEYS */;
INSERT INTO `issues` VALUES (1,1,2,'prova 1 2 3 ','Provaaaaa','2011-05-26',NULL,1,3,3,NULL,3,1,'2011-05-12 12:09:04','2011-05-12 12:18:10','2011-05-12',0,24,NULL,1,1,2),(2,1,2,'qwer','werwerwer','2011-05-27',NULL,2,4,3,4,3,6,'2011-05-12 12:13:09','2011-05-12 15:29:27','2011-05-09',100,23,NULL,2,1,4),(3,1,2,'sub rtrterterte','dfgdfgdfgdfgdfgg','2011-05-27',NULL,2,4,3,3,3,4,'2011-05-12 12:14:27','2011-05-12 12:35:05','2011-05-09',20,23,2,2,2,3),(4,1,1,'sertertert','',NULL,NULL,1,NULL,3,NULL,1,0,'2011-05-16 15:13:37','2011-05-16 15:13:37','2011-05-16',0,NULL,NULL,4,1,2);
/*!40000 ALTER TABLE `issues` ENABLE KEYS */;
UNLOCK TABLES;

--
-- Table structure for table `open_id_authentication_associations`
--

DROP TABLE IF EXISTS `open_id_authentication_associations`;
/*!40101 SET @saved_cs_client     = @@character_set_client */;
/*!40101 SET character_set_client = utf8 */;
CREATE TABLE `open_id_authentication_associations` (
  `id` int(11) NOT NULL AUTO_INCREMENT,
  `issued` int(11) DEFAULT NULL,
  `lifetime` int(11) DEFAULT NULL,
  `handle` varchar(255) DEFAULT NULL,
  `assoc_type` varchar(255) DEFAULT NULL,
  `server_url` blob,
  `secret` blob,
  PRIMARY KEY (`id`)
) ENGINE=InnoDB DEFAULT CHARSET=utf8;
/*!40101 SET character_set_client = @saved_cs_client */;

--
-- Dumping data for table `open_id_authentication_associations`
--

LOCK TABLES `open_id_authentication_associations` WRITE;
/*!40000 ALTER TABLE `open_id_authentication_associations` DISABLE KEYS */;
/*!40000 ALTER TABLE `open_id_authentication_associations` ENABLE KEYS */;
UNLOCK TABLES;

--
-- Table structure for table `schema_migrations`
--

DROP TABLE IF EXISTS `schema_migrations`;
/*!40101 SET @saved_cs_client     = @@character_set_client */;
/*!40101 SET character_set_client = utf8 */;
CREATE TABLE `schema_migrations` (
  `version` varchar(255) NOT NULL,
  UNIQUE KEY `unique_schema_migrations` (`version`)
) ENGINE=InnoDB DEFAULT CHARSET=utf8;
/*!40101 SET character_set_client = @saved_cs_client */;

--
-- Dumping data for table `schema_migrations`
--

LOCK TABLES `schema_migrations` WRITE;
/*!40000 ALTER TABLE `schema_migrations` DISABLE KEYS */;
INSERT INTO `schema_migrations` VALUES ('1'),('10'),('100'),('101'),('102'),('103'),('104'),('105'),('106'),('107'),('108'),('11'),('12'),('13'),('14'),('15'),('16'),('17'),('18'),('19'),('2'),('20'),('20090214190337'),('20090312172426'),('20090312194159'),('20090318181151'),('20090323224724'),('20090401221305'),('20090401231134'),('20090403001910'),('20090406161854'),('20090425161243'),('20090503121501'),('20090503121505'),('20090503121510'),('20090614091200'),('20090704172350'),('20090704172355'),('20090704172358'),('20091010093521'),('20091017212227'),('20091017212457'),('20091017212644'),('20091017212938'),('20091017213027'),('20091017213113'),('20091017213151'),('20091017213228'),('20091017213257'),('20091017213332'),('20091017213444'),('20091017213536'),('20091017213642'),('20091017213716'),('20091017213757'),('20091017213835'),('20091017213910'),('20091017214015'),('20091017214107'),('20091017214136'),('20091017214236'),('20091017214308'),('20091017214336'),('20091017214406'),('20091017214440'),('20091017214519'),('20091017214611'),('20091017214644'),('20091017214720'),('20091017214750'),('20091025163651'),('20091108092559'),('20091114105931'),('20091123212029'),('20091205124427'),('20091220183509'),('20091220183727'),('20091220184736'),('20091225164732'),('20091227112908'),('20100129193402'),('20100129193813'),('20100221100219'),('20100313132032'),('20100313171051'),('20100705164950'),('20100819172912'),('20101104182107'),('20101107130441'),('20101114115114'),('20101114115359'),('21'),('22'),('23'),('24'),('25'),('26'),('27'),('28'),('29'),('3'),('30'),('31'),('32'),('33'),('34'),('35'),('36'),('37'),('38'),('39'),('4'),('40'),('41'),('42'),('43'),('44'),('45'),('46'),('47'),('48'),('49'),('5'),('50'),('51'),('52'),('53'),('54'),('55'),('56'),('57'),('58'),('59'),('6'),('60'),('61'),('62'),('63'),('64'),('65'),('66'),('67'),('68'),('69'),('7'),('70'),('71'),('72'),('73'),('74'),('75'),('76'),('77'),('78'),('79'),('8'),('80'),('81'),('82'),('83'),('84'),('85'),('86'),('87'),('88'),('89'),('9'),('90'),('91'),('92'),('93'),('94'),('95'),('96'),('97'),('98'),('99');
/*!40000 ALTER TABLE `schema_migrations` ENABLE KEYS */;
UNLOCK TABLES;

--
-- Table structure for table `documents`
--

DROP TABLE IF EXISTS `documents`;
/*!40101 SET @saved_cs_client     = @@character_set_client */;
/*!40101 SET character_set_client = utf8 */;
CREATE TABLE `documents` (
  `id` int(11) NOT NULL AUTO_INCREMENT,
  `project_id` int(11) NOT NULL DEFAULT '0',
  `category_id` int(11) NOT NULL DEFAULT '0',
  `title` varchar(60) NOT NULL DEFAULT '',
  `description` text,
  `created_on` datetime DEFAULT NULL,
  PRIMARY KEY (`id`),
  KEY `documents_project_id` (`project_id`),
  KEY `index_documents_on_category_id` (`category_id`),
  KEY `index_documents_on_created_on` (`created_on`)
) ENGINE=InnoDB AUTO_INCREMENT=2 DEFAULT CHARSET=utf8;
/*!40101 SET character_set_client = @saved_cs_client */;

--
-- Dumping data for table `documents`
--

LOCK TABLES `documents` WRITE;
/*!40000 ALTER TABLE `documents` DISABLE KEYS */;
INSERT INTO `documents` VALUES (1,2,5,'Design','werwer','2011-05-12 15:31:55');
/*!40000 ALTER TABLE `documents` ENABLE KEYS */;
UNLOCK TABLES;

--
-- Table structure for table `wiki_redirects`
--

DROP TABLE IF EXISTS `wiki_redirects`;
/*!40101 SET @saved_cs_client     = @@character_set_client */;
/*!40101 SET character_set_client = utf8 */;
CREATE TABLE `wiki_redirects` (
  `id` int(11) NOT NULL AUTO_INCREMENT,
  `wiki_id` int(11) NOT NULL,
  `title` varchar(255) DEFAULT NULL,
  `redirects_to` varchar(255) DEFAULT NULL,
  `created_on` datetime NOT NULL,
  PRIMARY KEY (`id`),
  KEY `wiki_redirects_wiki_id_title` (`wiki_id`,`title`),
  KEY `index_wiki_redirects_on_wiki_id` (`wiki_id`)
) ENGINE=InnoDB AUTO_INCREMENT=2 DEFAULT CHARSET=utf8;
/*!40101 SET character_set_client = @saved_cs_client */;

--
-- Dumping data for table `wiki_redirects`
--

LOCK TABLES `wiki_redirects` WRITE;
/*!40000 ALTER TABLE `wiki_redirects` DISABLE KEYS */;
INSERT INTO `wiki_redirects` VALUES (1,2,'Wiki','Wikiqq','2011-05-12 13:45:36');
/*!40000 ALTER TABLE `wiki_redirects` ENABLE KEYS */;
UNLOCK TABLES;

--
-- Table structure for table `auth_sources`
--

DROP TABLE IF EXISTS `auth_sources`;
/*!40101 SET @saved_cs_client     = @@character_set_client */;
/*!40101 SET character_set_client = utf8 */;
CREATE TABLE `auth_sources` (
  `id` int(11) NOT NULL AUTO_INCREMENT,
  `type` varchar(30) NOT NULL DEFAULT '',
  `name` varchar(60) NOT NULL DEFAULT '',
  `host` varchar(60) DEFAULT NULL,
  `port` int(11) DEFAULT NULL,
  `account` varchar(255) DEFAULT NULL,
  `account_password` varchar(60) DEFAULT NULL,
  `base_dn` varchar(255) DEFAULT NULL,
  `attr_login` varchar(30) DEFAULT NULL,
  `attr_firstname` varchar(30) DEFAULT NULL,
  `attr_lastname` varchar(30) DEFAULT NULL,
  `attr_mail` varchar(30) DEFAULT NULL,
  `onthefly_register` tinyint(1) NOT NULL DEFAULT '0',
  `tls` tinyint(1) NOT NULL DEFAULT '0',
  PRIMARY KEY (`id`),
  KEY `index_auth_sources_on_id_and_type` (`id`,`type`)
) ENGINE=InnoDB DEFAULT CHARSET=utf8;
/*!40101 SET character_set_client = @saved_cs_client */;

--
-- Dumping data for table `auth_sources`
--

LOCK TABLES `auth_sources` WRITE;
/*!40000 ALTER TABLE `auth_sources` DISABLE KEYS */;
/*!40000 ALTER TABLE `auth_sources` ENABLE KEYS */;
UNLOCK TABLES;

--
-- Table structure for table `wiki_content_versions`
--

DROP TABLE IF EXISTS `wiki_content_versions`;
/*!40101 SET @saved_cs_client     = @@character_set_client */;
/*!40101 SET character_set_client = utf8 */;
CREATE TABLE `wiki_content_versions` (
  `id` int(11) NOT NULL AUTO_INCREMENT,
  `wiki_content_id` int(11) NOT NULL,
  `page_id` int(11) NOT NULL,
  `author_id` int(11) DEFAULT NULL,
  `data` longblob,
  `compression` varchar(6) DEFAULT '',
  `comments` varchar(255) DEFAULT '',
  `updated_on` datetime NOT NULL,
  `version` int(11) NOT NULL,
  PRIMARY KEY (`id`),
  KEY `wiki_content_versions_wcid` (`wiki_content_id`),
  KEY `index_wiki_content_versions_on_updated_on` (`updated_on`)
) ENGINE=InnoDB AUTO_INCREMENT=10 DEFAULT CHARSET=utf8;
/*!40101 SET character_set_client = @saved_cs_client */;

--
-- Dumping data for table `wiki_content_versions`
--

LOCK TABLES `wiki_content_versions` WRITE;
/*!40000 ALTER TABLE `wiki_content_versions` DISABLE KEYS */;
INSERT INTO `wiki_content_versions` VALUES (1,1,1,3,'h1. Wiki','','','2011-05-12 13:41:46',1),(2,1,1,3,'h1. Wiki\r\nQuesta è la pagina prinvipale del wiki','','','2011-05-12 13:42:07',2),(3,1,1,3,'h1. Wiki\r\n\r\nQuesta è la pagina prinvipale del wiki.\r\n* pippo\r\n* pluto\r\n* paperino ','','','2011-05-12 13:42:31',3),(4,1,1,3,'h1. Wikiq\r\n\r\nQuesta è la pagina prinvipale del wiki.\r\n* pippo\r\n* pluto\r\n* paperino ','','','2011-05-12 13:45:13',4),(5,1,1,3,'h1. Wikiq\r\n\r\nQuesta è la pagina prinvipale del wiki.\r\n* pippo\r\n* pluto\r\n* paperino \r\n\r\nEcco!!!\r\n','','Commento alla versione','2011-05-12 13:47:41',5),(6,1,1,3,'h1. Wikiq\r\n\r\nQuesta è la pagina prinvipale del wiki.\r\n* pippo\r\n* pluto\r\n* paperino \r\n\r\nEcco!!!\r\n[[Pagina interna]]','','','2011-05-12 13:48:42',6),(7,2,2,3,'h1. Pagina interna\r\n\r\nBla bla','','','2011-05-12 13:48:51',1),(8,1,1,3,'h1. Wikiq\r\n\r\nQuesta è la pagina prinvipale del wiki.\r\n* pippo\r\n* pluto\r\n* paperino \r\n\r\nEcco!!!\r\n[[Pagina interna]]\r\n[[Wikiqq>pippo]]\r\n[[Wikiqq/pippo]]\r\n[[Wikiqq:pippo]]\r\n','','','2011-05-12 13:50:07',7),(9,3,3,3,'h1. Wikiqqpippo\r\n\r\nIssue #1','','','2011-05-12 13:51:06',1);
/*!40000 ALTER TABLE `wiki_content_versions` ENABLE KEYS */;
UNLOCK TABLES;

--
-- Table structure for table `comments`
--

DROP TABLE IF EXISTS `comments`;
/*!40101 SET @saved_cs_client     = @@character_set_client */;
/*!40101 SET character_set_client = utf8 */;
CREATE TABLE `comments` (
  `id` int(11) NOT NULL AUTO_INCREMENT,
  `commented_type` varchar(30) NOT NULL DEFAULT '',
  `commented_id` int(11) NOT NULL DEFAULT '0',
  `author_id` int(11) NOT NULL DEFAULT '0',
  `comments` text,
  `created_on` datetime NOT NULL,
  `updated_on` datetime NOT NULL,
  PRIMARY KEY (`id`),
  KEY `index_comments_on_commented_id_and_commented_type` (`commented_id`,`commented_type`),
  KEY `index_comments_on_author_id` (`author_id`)
) ENGINE=InnoDB DEFAULT CHARSET=utf8;
/*!40101 SET character_set_client = @saved_cs_client */;

--
-- Dumping data for table `comments`
--

LOCK TABLES `comments` WRITE;
/*!40000 ALTER TABLE `comments` DISABLE KEYS */;
/*!40000 ALTER TABLE `comments` ENABLE KEYS */;
UNLOCK TABLES;

--
-- Table structure for table `issue_relations`
--

DROP TABLE IF EXISTS `issue_relations`;
/*!40101 SET @saved_cs_client     = @@character_set_client */;
/*!40101 SET character_set_client = utf8 */;
CREATE TABLE `issue_relations` (
  `id` int(11) NOT NULL AUTO_INCREMENT,
  `issue_from_id` int(11) NOT NULL,
  `issue_to_id` int(11) NOT NULL,
  `relation_type` varchar(255) NOT NULL DEFAULT '',
  `delay` int(11) DEFAULT NULL,
  PRIMARY KEY (`id`),
  KEY `index_issue_relations_on_issue_from_id` (`issue_from_id`),
  KEY `index_issue_relations_on_issue_to_id` (`issue_to_id`)
) ENGINE=InnoDB AUTO_INCREMENT=2 DEFAULT CHARSET=utf8;
/*!40101 SET character_set_client = @saved_cs_client */;

--
-- Dumping data for table `issue_relations`
--

LOCK TABLES `issue_relations` WRITE;
/*!40000 ALTER TABLE `issue_relations` DISABLE KEYS */;
INSERT INTO `issue_relations` VALUES (1,2,1,'relates',NULL);
/*!40000 ALTER TABLE `issue_relations` ENABLE KEYS */;
UNLOCK TABLES;

--
-- Table structure for table `groups_users`
--

DROP TABLE IF EXISTS `groups_users`;
/*!40101 SET @saved_cs_client     = @@character_set_client */;
/*!40101 SET character_set_client = utf8 */;
CREATE TABLE `groups_users` (
  `group_id` int(11) NOT NULL,
  `user_id` int(11) NOT NULL,
  UNIQUE KEY `groups_users_ids` (`group_id`,`user_id`)
) ENGINE=InnoDB DEFAULT CHARSET=utf8;
/*!40101 SET character_set_client = @saved_cs_client */;

--
-- Dumping data for table `groups_users`
--

LOCK TABLES `groups_users` WRITE;
/*!40000 ALTER TABLE `groups_users` DISABLE KEYS */;
/*!40000 ALTER TABLE `groups_users` ENABLE KEYS */;
UNLOCK TABLES;

--
-- Table structure for table `custom_fields_projects`
--

DROP TABLE IF EXISTS `custom_fields_projects`;
/*!40101 SET @saved_cs_client     = @@character_set_client */;
/*!40101 SET character_set_client = utf8 */;
CREATE TABLE `custom_fields_projects` (
  `custom_field_id` int(11) NOT NULL DEFAULT '0',
  `project_id` int(11) NOT NULL DEFAULT '0',
  KEY `index_custom_fields_projects_on_custom_field_id_and_project_id` (`custom_field_id`,`project_id`)
) ENGINE=InnoDB DEFAULT CHARSET=utf8;
/*!40101 SET character_set_client = @saved_cs_client */;

--
-- Dumping data for table `custom_fields_projects`
--

LOCK TABLES `custom_fields_projects` WRITE;
/*!40000 ALTER TABLE `custom_fields_projects` DISABLE KEYS */;
/*!40000 ALTER TABLE `custom_fields_projects` ENABLE KEYS */;
UNLOCK TABLES;

--
-- Table structure for table `member_roles`
--

DROP TABLE IF EXISTS `member_roles`;
/*!40101 SET @saved_cs_client     = @@character_set_client */;
/*!40101 SET character_set_client = utf8 */;
CREATE TABLE `member_roles` (
  `id` int(11) NOT NULL AUTO_INCREMENT,
  `member_id` int(11) NOT NULL,
  `role_id` int(11) NOT NULL,
  `inherited_from` int(11) DEFAULT NULL,
  PRIMARY KEY (`id`),
  KEY `index_member_roles_on_member_id` (`member_id`),
  KEY `index_member_roles_on_role_id` (`role_id`)
) ENGINE=InnoDB AUTO_INCREMENT=4 DEFAULT CHARSET=utf8;
/*!40101 SET character_set_client = @saved_cs_client */;

--
-- Dumping data for table `member_roles`
--

LOCK TABLES `member_roles` WRITE;
/*!40000 ALTER TABLE `member_roles` DISABLE KEYS */;
INSERT INTO `member_roles` VALUES (1,1,3,NULL),(2,2,3,NULL),(3,3,3,NULL);
/*!40000 ALTER TABLE `member_roles` ENABLE KEYS */;
UNLOCK TABLES;

--
-- Table structure for table `wiki_pages`
--

DROP TABLE IF EXISTS `wiki_pages`;
/*!40101 SET @saved_cs_client     = @@character_set_client */;
/*!40101 SET character_set_client = utf8 */;
CREATE TABLE `wiki_pages` (
  `id` int(11) NOT NULL AUTO_INCREMENT,
  `wiki_id` int(11) NOT NULL,
  `title` varchar(255) NOT NULL,
  `created_on` datetime NOT NULL,
  `protected` tinyint(1) NOT NULL DEFAULT '0',
  `parent_id` int(11) DEFAULT NULL,
  PRIMARY KEY (`id`),
  KEY `wiki_pages_wiki_id_title` (`wiki_id`,`title`),
  KEY `index_wiki_pages_on_wiki_id` (`wiki_id`),
  KEY `index_wiki_pages_on_parent_id` (`parent_id`)
) ENGINE=InnoDB AUTO_INCREMENT=4 DEFAULT CHARSET=utf8;
/*!40101 SET character_set_client = @saved_cs_client */;

--
-- Dumping data for table `wiki_pages`
--

LOCK TABLES `wiki_pages` WRITE;
/*!40000 ALTER TABLE `wiki_pages` DISABLE KEYS */;
INSERT INTO `wiki_pages` VALUES (1,2,'Wikiqq','2011-05-12 13:41:46',0,NULL),(2,2,'Pagina_interna','2011-05-12 13:48:51',0,NULL),(3,2,'Wikiqqpippo','2011-05-12 13:51:06',0,1);
/*!40000 ALTER TABLE `wiki_pages` ENABLE KEYS */;
UNLOCK TABLES;

--
-- Table structure for table `issue_statuses`
--

DROP TABLE IF EXISTS `issue_statuses`;
/*!40101 SET @saved_cs_client     = @@character_set_client */;
/*!40101 SET character_set_client = utf8 */;
CREATE TABLE `issue_statuses` (
  `id` int(11) NOT NULL AUTO_INCREMENT,
  `name` varchar(30) NOT NULL DEFAULT '',
  `is_closed` tinyint(1) NOT NULL DEFAULT '0',
  `is_default` tinyint(1) NOT NULL DEFAULT '0',
  `position` int(11) DEFAULT '1',
  `default_done_ratio` int(11) DEFAULT NULL,
  PRIMARY KEY (`id`),
  KEY `index_issue_statuses_on_position` (`position`),
  KEY `index_issue_statuses_on_is_closed` (`is_closed`),
  KEY `index_issue_statuses_on_is_default` (`is_default`)
) ENGINE=InnoDB AUTO_INCREMENT=3 DEFAULT CHARSET=utf8;
/*!40101 SET character_set_client = @saved_cs_client */;

--
-- Dumping data for table `issue_statuses`
--

LOCK TABLES `issue_statuses` WRITE;
/*!40000 ALTER TABLE `issue_statuses` DISABLE KEYS */;
INSERT INTO `issue_statuses` VALUES (1,'open',0,1,1,NULL),(2,'closed',1,0,2,NULL);
/*!40000 ALTER TABLE `issue_statuses` ENABLE KEYS */;
UNLOCK TABLES;

--
-- Table structure for table `users`
--

DROP TABLE IF EXISTS `users`;
/*!40101 SET @saved_cs_client     = @@character_set_client */;
/*!40101 SET character_set_client = utf8 */;
CREATE TABLE `users` (
  `id` int(11) NOT NULL AUTO_INCREMENT,
  `login` varchar(30) NOT NULL DEFAULT '',
  `hashed_password` varchar(40) NOT NULL DEFAULT '',
  `firstname` varchar(30) NOT NULL DEFAULT '',
  `lastname` varchar(30) NOT NULL DEFAULT '',
  `mail` varchar(60) NOT NULL DEFAULT '',
  `admin` tinyint(1) NOT NULL DEFAULT '0',
  `status` int(11) NOT NULL DEFAULT '1',
  `last_login_on` datetime DEFAULT NULL,
  `language` varchar(5) DEFAULT '',
  `auth_source_id` int(11) DEFAULT NULL,
  `created_on` datetime DEFAULT NULL,
  `updated_on` datetime DEFAULT NULL,
  `type` varchar(255) DEFAULT NULL,
  `identity_url` varchar(255) DEFAULT NULL,
  `mail_notification` varchar(255) NOT NULL DEFAULT '',
  PRIMARY KEY (`id`),
  KEY `index_users_on_id_and_type` (`id`,`type`),
  KEY `index_users_on_auth_source_id` (`auth_source_id`)
) ENGINE=InnoDB AUTO_INCREMENT=5 DEFAULT CHARSET=utf8;
/*!40101 SET character_set_client = @saved_cs_client */;

--
-- Dumping data for table `users`
--

LOCK TABLES `users` WRITE;
/*!40000 ALTER TABLE `users` DISABLE KEYS */;
INSERT INTO `users` VALUES (1,'admin','d033e22ae348aeb5660fc2140aec35850c4da997','Redmine','Admin','admin@example.net',1,1,'2011-05-17 10:04:30','en',NULL,'2011-05-12 10:25:30','2011-05-17 10:04:30','User',NULL,'all'),(2,'','','','Anonymous','',0,0,NULL,'',NULL,'2011-05-12 11:29:30','2011-05-12 11:29:30','AnonymousUser',NULL,'only_my_events'),(3,'predo','a94a8fe5ccb19ba61c4c0873d391e987982fbbd3','Paolo','Predonzani','paolo.predonzani@manydesigns.com',0,1,'2011-05-12 11:56:35','en',NULL,'2011-05-12 11:50:51','2011-05-12 11:56:35','User',NULL,'only_my_events'),(4,'giampi','a94a8fe5ccb19ba61c4c0873d391e987982fbbd3','Giampiero','Granatella','giampiero.granatella@manydesigns.com',0,1,NULL,'en',NULL,'2011-05-12 11:54:46','2011-05-12 11:54:46','User',NULL,'only_my_events');
/*!40000 ALTER TABLE `users` ENABLE KEYS */;
UNLOCK TABLES;

--
-- Table structure for table `changesets`
--

DROP TABLE IF EXISTS `changesets`;
/*!40101 SET @saved_cs_client     = @@character_set_client */;
/*!40101 SET character_set_client = utf8 */;
CREATE TABLE `changesets` (
  `id` int(11) NOT NULL AUTO_INCREMENT,
  `repository_id` int(11) NOT NULL,
  `revision` varchar(255) NOT NULL,
  `committer` varchar(255) DEFAULT NULL,
  `committed_on` datetime NOT NULL,
  `comments` text,
  `commit_date` date DEFAULT NULL,
  `scmid` varchar(255) DEFAULT NULL,
  `user_id` int(11) DEFAULT NULL,
  PRIMARY KEY (`id`),
  UNIQUE KEY `changesets_repos_rev` (`repository_id`,`revision`),
  KEY `index_changesets_on_user_id` (`user_id`),
  KEY `index_changesets_on_repository_id` (`repository_id`),
  KEY `index_changesets_on_committed_on` (`committed_on`),
  KEY `changesets_repos_scmid` (`repository_id`,`scmid`)
) ENGINE=InnoDB AUTO_INCREMENT=879 DEFAULT CHARSET=utf8;
/*!40101 SET character_set_client = @saved_cs_client */;

--
-- Dumping data for table `changesets`
--

LOCK TABLES `changesets` WRITE;
/*!40000 ALTER TABLE `changesets` DISABLE KEYS */;
/*!40000 ALTER TABLE `changesets` ENABLE KEYS */;
UNLOCK TABLES;

--
-- Table structure for table `enabled_modules`
--

DROP TABLE IF EXISTS `enabled_modules`;
/*!40101 SET @saved_cs_client     = @@character_set_client */;
/*!40101 SET character_set_client = utf8 */;
CREATE TABLE `enabled_modules` (
  `id` int(11) NOT NULL AUTO_INCREMENT,
  `project_id` int(11) DEFAULT NULL,
  `name` varchar(255) NOT NULL,
  PRIMARY KEY (`id`),
  KEY `enabled_modules_project_id` (`project_id`)
) ENGINE=InnoDB AUTO_INCREMENT=31 DEFAULT CHARSET=utf8;
/*!40101 SET character_set_client = @saved_cs_client */;

--
-- Dumping data for table `enabled_modules`
--

LOCK TABLES `enabled_modules` WRITE;
/*!40000 ALTER TABLE `enabled_modules` DISABLE KEYS */;
INSERT INTO `enabled_modules` VALUES (1,1,'issue_tracking'),(2,1,'time_tracking'),(3,1,'news'),(4,1,'documents'),(5,1,'files'),(6,1,'wiki'),(7,1,'repository'),(8,1,'boards'),(9,1,'calendar'),(10,1,'gantt'),(11,2,'issue_tracking'),(12,2,'time_tracking'),(13,2,'news'),(14,2,'documents'),(15,2,'files'),(16,2,'wiki'),(17,2,'repository'),(18,2,'boards'),(19,2,'calendar'),(20,2,'gantt'),(21,3,'issue_tracking'),(22,3,'time_tracking'),(23,3,'news'),(24,3,'documents'),(25,3,'files'),(26,3,'wiki'),(27,3,'repository'),(28,3,'boards'),(29,3,'calendar'),(30,3,'gantt');
/*!40000 ALTER TABLE `enabled_modules` ENABLE KEYS */;
UNLOCK TABLES;

--
-- Table structure for table `custom_values`
--

DROP TABLE IF EXISTS `custom_values`;
/*!40101 SET @saved_cs_client     = @@character_set_client */;
/*!40101 SET character_set_client = utf8 */;
CREATE TABLE `custom_values` (
  `id` int(11) NOT NULL AUTO_INCREMENT,
  `customized_type` varchar(30) NOT NULL DEFAULT '',
  `customized_id` int(11) NOT NULL DEFAULT '0',
  `custom_field_id` int(11) NOT NULL DEFAULT '0',
  `value` text,
  PRIMARY KEY (`id`),
  KEY `custom_values_customized` (`customized_type`,`customized_id`),
  KEY `index_custom_values_on_custom_field_id` (`custom_field_id`)
) ENGINE=InnoDB DEFAULT CHARSET=utf8;
/*!40101 SET character_set_client = @saved_cs_client */;

--
-- Dumping data for table `custom_values`
--

LOCK TABLES `custom_values` WRITE;
/*!40000 ALTER TABLE `custom_values` DISABLE KEYS */;
/*!40000 ALTER TABLE `custom_values` ENABLE KEYS */;
UNLOCK TABLES;

--
-- Table structure for table `user_preferences`
--

DROP TABLE IF EXISTS `user_preferences`;
/*!40101 SET @saved_cs_client     = @@character_set_client */;
/*!40101 SET character_set_client = utf8 */;
CREATE TABLE `user_preferences` (
  `id` int(11) NOT NULL AUTO_INCREMENT,
  `user_id` int(11) NOT NULL DEFAULT '0',
  `others` text,
  `hide_mail` tinyint(1) DEFAULT '0',
  `time_zone` varchar(255) DEFAULT NULL,
  PRIMARY KEY (`id`),
  KEY `index_user_preferences_on_user_id` (`user_id`)
) ENGINE=InnoDB AUTO_INCREMENT=4 DEFAULT CHARSET=utf8;
/*!40101 SET character_set_client = @saved_cs_client */;

--
-- Dumping data for table `user_preferences`
--

LOCK TABLES `user_preferences` WRITE;
/*!40000 ALTER TABLE `user_preferences` DISABLE KEYS */;
INSERT INTO `user_preferences` VALUES (1,1,'--- \n:gantt_zoom: 2\n:gantt_months: 6\n:my_page_layout: \n  left: []\n\n  right: []\n\n  top: \n  - calendar\n  - documents\n',0,NULL),(2,3,'--- \n:gantt_months: 6\n:comments_sorting: asc\n:no_self_notified: false\n:gantt_zoom: 2\n:diff_type: inline\n',1,''),(3,4,'--- \n:comments_sorting: asc\n:no_self_notified: false\n',0,'');
/*!40000 ALTER TABLE `user_preferences` ENABLE KEYS */;
UNLOCK TABLES;

--
-- Table structure for table `tokens`
--

DROP TABLE IF EXISTS `tokens`;
/*!40101 SET @saved_cs_client     = @@character_set_client */;
/*!40101 SET character_set_client = utf8 */;
CREATE TABLE `tokens` (
  `id` int(11) NOT NULL AUTO_INCREMENT,
  `user_id` int(11) NOT NULL DEFAULT '0',
  `action` varchar(30) NOT NULL DEFAULT '',
  `value` varchar(40) NOT NULL DEFAULT '',
  `created_on` datetime NOT NULL,
  PRIMARY KEY (`id`),
  KEY `index_tokens_on_user_id` (`user_id`)
) ENGINE=InnoDB AUTO_INCREMENT=5 DEFAULT CHARSET=utf8;
/*!40101 SET character_set_client = @saved_cs_client */;

--
-- Dumping data for table `tokens`
--

LOCK TABLES `tokens` WRITE;
/*!40000 ALTER TABLE `tokens` DISABLE KEYS */;
INSERT INTO `tokens` VALUES (2,1,'feeds','41c75d8a8abb3c7bcc3d0f0a20e088ef9c61bd12','2011-05-12 11:29:36'),(4,3,'feeds','daaa19033893f63be96dbca97a5bb6d858a17571','2011-05-12 11:56:35');
/*!40000 ALTER TABLE `tokens` ENABLE KEYS */;
UNLOCK TABLES;

--
-- Table structure for table `time_entries`
--

DROP TABLE IF EXISTS `time_entries`;
/*!40101 SET @saved_cs_client     = @@character_set_client */;
/*!40101 SET character_set_client = utf8 */;
CREATE TABLE `time_entries` (
  `id` int(11) NOT NULL AUTO_INCREMENT,
  `project_id` int(11) NOT NULL,
  `user_id` int(11) NOT NULL,
  `issue_id` int(11) DEFAULT NULL,
  `hours` float NOT NULL,
  `comments` varchar(255) DEFAULT NULL,
  `activity_id` int(11) NOT NULL,
  `spent_on` date NOT NULL,
  `tyear` int(11) NOT NULL,
  `tmonth` int(11) NOT NULL,
  `tweek` int(11) NOT NULL,
  `created_on` datetime NOT NULL,
  `updated_on` datetime NOT NULL,
  PRIMARY KEY (`id`),
  KEY `time_entries_project_id` (`project_id`),
  KEY `time_entries_issue_id` (`issue_id`),
  KEY `index_time_entries_on_activity_id` (`activity_id`),
  KEY `index_time_entries_on_user_id` (`user_id`),
  KEY `index_time_entries_on_created_on` (`created_on`)
) ENGINE=InnoDB AUTO_INCREMENT=4 DEFAULT CHARSET=utf8;
/*!40101 SET character_set_client = @saved_cs_client */;

--
-- Dumping data for table `time_entries`
--

LOCK TABLES `time_entries` WRITE;
/*!40000 ALTER TABLE `time_entries` DISABLE KEYS */;
INSERT INTO `time_entries` VALUES (1,2,3,1,23,'che fatica',1,'2011-05-12',2011,5,19,'2011-05-12 12:18:10','2011-05-12 12:18:10'),(2,2,3,3,13,'Fine!',1,'2011-05-12',2011,5,19,'2011-05-12 12:22:00','2011-05-12 12:22:00'),(3,2,3,2,2,'',1,'2011-05-12',2011,5,19,'2011-05-12 15:29:27','2011-05-12 15:29:27');
/*!40000 ALTER TABLE `time_entries` ENABLE KEYS */;
UNLOCK TABLES;

--
-- Table structure for table `open_id_authentication_nonces`
--

DROP TABLE IF EXISTS `open_id_authentication_nonces`;
/*!40101 SET @saved_cs_client     = @@character_set_client */;
/*!40101 SET character_set_client = utf8 */;
CREATE TABLE `open_id_authentication_nonces` (
  `id` int(11) NOT NULL AUTO_INCREMENT,
  `timestamp` int(11) NOT NULL,
  `server_url` varchar(255) DEFAULT NULL,
  `salt` varchar(255) NOT NULL,
  PRIMARY KEY (`id`)
) ENGINE=InnoDB DEFAULT CHARSET=utf8;
/*!40101 SET character_set_client = @saved_cs_client */;

--
-- Dumping data for table `open_id_authentication_nonces`
--

LOCK TABLES `open_id_authentication_nonces` WRITE;
/*!40000 ALTER TABLE `open_id_authentication_nonces` DISABLE KEYS */;
/*!40000 ALTER TABLE `open_id_authentication_nonces` ENABLE KEYS */;
UNLOCK TABLES;

--
-- Table structure for table `custom_fields`
--

DROP TABLE IF EXISTS `custom_fields`;
/*!40101 SET @saved_cs_client     = @@character_set_client */;
/*!40101 SET character_set_client = utf8 */;
CREATE TABLE `custom_fields` (
  `id` int(11) NOT NULL AUTO_INCREMENT,
  `type` varchar(30) NOT NULL DEFAULT '',
  `name` varchar(30) NOT NULL DEFAULT '',
  `field_format` varchar(30) NOT NULL DEFAULT '',
  `possible_values` text,
  `regexp` varchar(255) DEFAULT '',
  `min_length` int(11) NOT NULL DEFAULT '0',
  `max_length` int(11) NOT NULL DEFAULT '0',
  `is_required` tinyint(1) NOT NULL DEFAULT '0',
  `is_for_all` tinyint(1) NOT NULL DEFAULT '0',
  `is_filter` tinyint(1) NOT NULL DEFAULT '0',
  `position` int(11) DEFAULT '1',
  `searchable` tinyint(1) DEFAULT '0',
  `default_value` text,
  `editable` tinyint(1) DEFAULT '1',
  `visible` tinyint(1) NOT NULL DEFAULT '1',
  PRIMARY KEY (`id`),
  KEY `index_custom_fields_on_id_and_type` (`id`,`type`)
) ENGINE=InnoDB DEFAULT CHARSET=utf8;
/*!40101 SET character_set_client = @saved_cs_client */;

--
-- Dumping data for table `custom_fields`
--

LOCK TABLES `custom_fields` WRITE;
/*!40000 ALTER TABLE `custom_fields` DISABLE KEYS */;
/*!40000 ALTER TABLE `custom_fields` ENABLE KEYS */;
UNLOCK TABLES;

--
-- Table structure for table `members`
--

DROP TABLE IF EXISTS `members`;
/*!40101 SET @saved_cs_client     = @@character_set_client */;
/*!40101 SET character_set_client = utf8 */;
CREATE TABLE `members` (
  `id` int(11) NOT NULL AUTO_INCREMENT,
  `user_id` int(11) NOT NULL DEFAULT '0',
  `project_id` int(11) NOT NULL DEFAULT '0',
  `created_on` datetime DEFAULT NULL,
  `mail_notification` tinyint(1) NOT NULL DEFAULT '0',
  PRIMARY KEY (`id`),
  UNIQUE KEY `index_members_on_user_id_and_project_id` (`user_id`,`project_id`),
  KEY `index_members_on_user_id` (`user_id`),
  KEY `index_members_on_project_id` (`project_id`)
) ENGINE=InnoDB AUTO_INCREMENT=4 DEFAULT CHARSET=utf8;
/*!40101 SET character_set_client = @saved_cs_client */;

--
-- Dumping data for table `members`
--

LOCK TABLES `members` WRITE;
/*!40000 ALTER TABLE `members` DISABLE KEYS */;
INSERT INTO `members` VALUES (1,3,1,'2011-05-12 11:52:45',0),(2,4,2,'2011-05-12 11:55:12',0),(3,3,2,'2011-05-12 11:55:12',0);
/*!40000 ALTER TABLE `members` ENABLE KEYS */;
UNLOCK TABLES;

--
-- Table structure for table `workflows`
--

DROP TABLE IF EXISTS `workflows`;
/*!40101 SET @saved_cs_client     = @@character_set_client */;
/*!40101 SET character_set_client = utf8 */;
CREATE TABLE `workflows` (
  `id` int(11) NOT NULL AUTO_INCREMENT,
  `tracker_id` int(11) NOT NULL DEFAULT '0',
  `old_status_id` int(11) NOT NULL DEFAULT '0',
  `new_status_id` int(11) NOT NULL DEFAULT '0',
  `role_id` int(11) NOT NULL DEFAULT '0',
  PRIMARY KEY (`id`),
  KEY `wkfs_role_tracker_old_status` (`role_id`,`tracker_id`,`old_status_id`),
  KEY `index_workflows_on_old_status_id` (`old_status_id`),
  KEY `index_workflows_on_role_id` (`role_id`),
  KEY `index_workflows_on_new_status_id` (`new_status_id`)
) ENGINE=InnoDB AUTO_INCREMENT=3 DEFAULT CHARSET=utf8;
/*!40101 SET character_set_client = @saved_cs_client */;

--
-- Dumping data for table `workflows`
--

LOCK TABLES `workflows` WRITE;
/*!40000 ALTER TABLE `workflows` DISABLE KEYS */;
INSERT INTO `workflows` VALUES (1,1,1,2,3),(2,1,2,1,3);
/*!40000 ALTER TABLE `workflows` ENABLE KEYS */;
UNLOCK TABLES;

--
-- Table structure for table `news`
--

DROP TABLE IF EXISTS `news`;
/*!40101 SET @saved_cs_client     = @@character_set_client */;
/*!40101 SET character_set_client = utf8 */;
CREATE TABLE `news` (
  `id` int(11) NOT NULL AUTO_INCREMENT,
  `project_id` int(11) DEFAULT NULL,
  `title` varchar(60) NOT NULL DEFAULT '',
  `summary` varchar(255) DEFAULT '',
  `description` text,
  `author_id` int(11) NOT NULL DEFAULT '0',
  `created_on` datetime DEFAULT NULL,
  `comments_count` int(11) NOT NULL DEFAULT '0',
  PRIMARY KEY (`id`),
  KEY `news_project_id` (`project_id`),
  KEY `index_news_on_author_id` (`author_id`),
  KEY `index_news_on_created_on` (`created_on`)
) ENGINE=InnoDB AUTO_INCREMENT=2 DEFAULT CHARSET=utf8;
/*!40101 SET character_set_client = @saved_cs_client */;

--
-- Dumping data for table `news`
--

LOCK TABLES `news` WRITE;
/*!40000 ALTER TABLE `news` DISABLE KEYS */;
INSERT INTO `news` VALUES (1,2,'Viva la francia','werwerwer','erwerwerwe',3,'2011-05-12 12:33:46',0);
/*!40000 ALTER TABLE `news` ENABLE KEYS */;
UNLOCK TABLES;

--
-- Table structure for table `journals`
--

DROP TABLE IF EXISTS `journals`;
/*!40101 SET @saved_cs_client     = @@character_set_client */;
/*!40101 SET character_set_client = utf8 */;
CREATE TABLE `journals` (
  `id` int(11) NOT NULL AUTO_INCREMENT,
  `journalized_id` int(11) NOT NULL DEFAULT '0',
  `journalized_type` varchar(30) NOT NULL DEFAULT '',
  `user_id` int(11) NOT NULL DEFAULT '0',
  `notes` text,
  `created_on` datetime NOT NULL,
  PRIMARY KEY (`id`),
  KEY `journals_journalized_id` (`journalized_id`,`journalized_type`),
  KEY `index_journals_on_user_id` (`user_id`),
  KEY `index_journals_on_journalized_id` (`journalized_id`),
  KEY `index_journals_on_created_on` (`created_on`)
) ENGINE=InnoDB AUTO_INCREMENT=8 DEFAULT CHARSET=utf8;
/*!40101 SET character_set_client = @saved_cs_client */;

--
-- Dumping data for table `journals`
--

LOCK TABLES `journals` WRITE;
/*!40000 ALTER TABLE `journals` DISABLE KEYS */;
INSERT INTO `journals` VALUES (1,2,'Issue',3,'Questo è update','2011-05-12 12:15:17'),(2,1,'Issue',3,'aggiunta una nota','2011-05-12 12:18:10'),(3,3,'Issue',3,'Aggiunta versione','2011-05-12 12:20:46'),(4,3,'Issue',3,'fine!','2011-05-12 12:22:00'),(5,3,'Issue',3,'','2011-05-12 12:32:56'),(6,3,'Issue',3,'','2011-05-12 12:35:05'),(7,2,'Issue',3,'dfgdfdfg','2011-05-12 15:29:27');
/*!40000 ALTER TABLE `journals` ENABLE KEYS */;
UNLOCK TABLES;

--
-- Table structure for table `projects`
--

DROP TABLE IF EXISTS `projects`;
/*!40101 SET @saved_cs_client     = @@character_set_client */;
/*!40101 SET character_set_client = utf8 */;
CREATE TABLE `projects` (
  `id` int(11) NOT NULL AUTO_INCREMENT,
  `name` varchar(255) NOT NULL DEFAULT '',
  `description` text,
  `homepage` varchar(255) DEFAULT '',
  `is_public` tinyint(1) NOT NULL DEFAULT '1',
  `parent_id` int(11) DEFAULT NULL,
  `created_on` datetime DEFAULT NULL,
  `updated_on` datetime DEFAULT NULL,
  `identifier` varchar(255) DEFAULT NULL,
  `status` int(11) NOT NULL DEFAULT '1',
  `lft` int(11) DEFAULT NULL,
  `rgt` int(11) DEFAULT NULL,
  PRIMARY KEY (`id`),
  KEY `index_projects_on_lft` (`lft`),
  KEY `index_projects_on_rgt` (`rgt`)
) ENGINE=InnoDB AUTO_INCREMENT=4 DEFAULT CHARSET=utf8;
/*!40101 SET character_set_client = @saved_cs_client */;

--
-- Dumping data for table `projects`
--

LOCK TABLES `projects` WRITE;
/*!40000 ALTER TABLE `projects` DISABLE KEYS */;
INSERT INTO `projects` VALUES (1,'Progetto di prova','Descrizione del progetto di prova','http://www.manydesigns.com/',1,NULL,'2011-05-12 00:00:00','2011-05-12 00:00:00','prova',1,5,6),(2,'New project','Descrizione di new project','http://www.manydesigns.com/',1,NULL,'2011-05-12 11:49:29','2011-05-12 11:49:29','new-project',1,1,4),(3,'sub1','wqweqwe','',1,2,'2011-05-16 15:31:59','2011-05-16 15:31:59','sub1',1,2,3);
/*!40000 ALTER TABLE `projects` ENABLE KEYS */;
UNLOCK TABLES;

--
-- Table structure for table `custom_fields_trackers`
--

DROP TABLE IF EXISTS `custom_fields_trackers`;
/*!40101 SET @saved_cs_client     = @@character_set_client */;
/*!40101 SET character_set_client = utf8 */;
CREATE TABLE `custom_fields_trackers` (
  `custom_field_id` int(11) NOT NULL DEFAULT '0',
  `tracker_id` int(11) NOT NULL DEFAULT '0',
  KEY `index_custom_fields_trackers_on_custom_field_id_and_tracker_id` (`custom_field_id`,`tracker_id`)
) ENGINE=InnoDB DEFAULT CHARSET=utf8;
/*!40101 SET character_set_client = @saved_cs_client */;

--
-- Dumping data for table `custom_fields_trackers`
--

LOCK TABLES `custom_fields_trackers` WRITE;
/*!40000 ALTER TABLE `custom_fields_trackers` DISABLE KEYS */;
/*!40000 ALTER TABLE `custom_fields_trackers` ENABLE KEYS */;
UNLOCK TABLES;

--
-- Table structure for table `issue_categories`
--

DROP TABLE IF EXISTS `issue_categories`;
/*!40101 SET @saved_cs_client     = @@character_set_client */;
/*!40101 SET character_set_client = utf8 */;
CREATE TABLE `issue_categories` (
  `id` int(11) NOT NULL AUTO_INCREMENT,
  `project_id` int(11) NOT NULL DEFAULT '0',
  `name` varchar(30) NOT NULL DEFAULT '',
  `assigned_to_id` int(11) DEFAULT NULL,
  PRIMARY KEY (`id`),
  KEY `issue_categories_project_id` (`project_id`),
  KEY `index_issue_categories_on_assigned_to_id` (`assigned_to_id`)
) ENGINE=InnoDB DEFAULT CHARSET=utf8;
/*!40101 SET character_set_client = @saved_cs_client */;

--
-- Dumping data for table `issue_categories`
--

LOCK TABLES `issue_categories` WRITE;
/*!40000 ALTER TABLE `issue_categories` DISABLE KEYS */;
/*!40000 ALTER TABLE `issue_categories` ENABLE KEYS */;
UNLOCK TABLES;

--
-- Table structure for table `enumerations`
--

DROP TABLE IF EXISTS `enumerations`;
/*!40101 SET @saved_cs_client     = @@character_set_client */;
/*!40101 SET character_set_client = utf8 */;
CREATE TABLE `enumerations` (
  `id` int(11) NOT NULL AUTO_INCREMENT,
  `name` varchar(30) NOT NULL DEFAULT '',
  `position` int(11) DEFAULT '1',
  `is_default` tinyint(1) NOT NULL DEFAULT '0',
  `type` varchar(255) DEFAULT NULL,
  `active` tinyint(1) NOT NULL DEFAULT '1',
  `project_id` int(11) DEFAULT NULL,
  `parent_id` int(11) DEFAULT NULL,
  PRIMARY KEY (`id`),
  KEY `index_enumerations_on_project_id` (`project_id`),
  KEY `index_enumerations_on_id_and_type` (`id`,`type`)
) ENGINE=InnoDB AUTO_INCREMENT=6 DEFAULT CHARSET=utf8;
/*!40101 SET character_set_client = @saved_cs_client */;

--
-- Dumping data for table `enumerations`
--

LOCK TABLES `enumerations` WRITE;
/*!40000 ALTER TABLE `enumerations` DISABLE KEYS */;
INSERT INTO `enumerations` VALUES (1,'attività 1',1,0,'TimeEntryActivity',1,NULL,NULL),(2,'Attività 2',2,0,'TimeEntryActivity',1,NULL,NULL),(3,'alta',1,0,'IssuePriority',1,NULL,NULL),(4,'bassa',2,0,'IssuePriority',1,NULL,NULL),(5,'ewerwe',1,0,'DocumentCategory',1,NULL,NULL);
/*!40000 ALTER TABLE `enumerations` ENABLE KEYS */;
UNLOCK TABLES;

--
-- Table structure for table `watchers`
--

DROP TABLE IF EXISTS `watchers`;
/*!40101 SET @saved_cs_client     = @@character_set_client */;
/*!40101 SET character_set_client = utf8 */;
CREATE TABLE `watchers` (
  `id` int(11) NOT NULL AUTO_INCREMENT,
  `watchable_type` varchar(255) NOT NULL DEFAULT '',
  `watchable_id` int(11) NOT NULL DEFAULT '0',
  `user_id` int(11) DEFAULT NULL,
  PRIMARY KEY (`id`),
  KEY `watchers_user_id_type` (`user_id`,`watchable_type`),
  KEY `index_watchers_on_user_id` (`user_id`),
  KEY `index_watchers_on_watchable_id_and_watchable_type` (`watchable_id`,`watchable_type`)
) ENGINE=InnoDB AUTO_INCREMENT=4 DEFAULT CHARSET=utf8;
/*!40101 SET character_set_client = @saved_cs_client */;

--
-- Dumping data for table `watchers`
--

LOCK TABLES `watchers` WRITE;
/*!40000 ALTER TABLE `watchers` DISABLE KEYS */;
INSERT INTO `watchers` VALUES (1,'Issue',1,4),(2,'Message',1,3),(3,'Issue',1,3);
/*!40000 ALTER TABLE `watchers` ENABLE KEYS */;
UNLOCK TABLES;

--
-- Table structure for table `boards`
--

DROP TABLE IF EXISTS `boards`;
/*!40101 SET @saved_cs_client     = @@character_set_client */;
/*!40101 SET character_set_client = utf8 */;
CREATE TABLE `boards` (
  `id` int(11) NOT NULL AUTO_INCREMENT,
  `project_id` int(11) NOT NULL,
  `name` varchar(255) NOT NULL DEFAULT '',
  `description` varchar(255) DEFAULT NULL,
  `position` int(11) DEFAULT '1',
  `topics_count` int(11) NOT NULL DEFAULT '0',
  `messages_count` int(11) NOT NULL DEFAULT '0',
  `last_message_id` int(11) DEFAULT NULL,
  PRIMARY KEY (`id`),
  KEY `boards_project_id` (`project_id`),
  KEY `index_boards_on_last_message_id` (`last_message_id`)
) ENGINE=InnoDB AUTO_INCREMENT=2 DEFAULT CHARSET=utf8;
/*!40101 SET character_set_client = @saved_cs_client */;

--
-- Dumping data for table `boards`
--

LOCK TABLES `boards` WRITE;
/*!40000 ALTER TABLE `boards` DISABLE KEYS */;
INSERT INTO `boards` VALUES (1,2,'Dì la tua','ole!',1,1,2,2);
/*!40000 ALTER TABLE `boards` ENABLE KEYS */;
UNLOCK TABLES;

--
-- Table structure for table `roles`
--

DROP TABLE IF EXISTS `roles`;
/*!40101 SET @saved_cs_client     = @@character_set_client */;
/*!40101 SET character_set_client = utf8 */;
CREATE TABLE `roles` (
  `id` int(11) NOT NULL AUTO_INCREMENT,
  `name` varchar(30) NOT NULL DEFAULT '',
  `position` int(11) DEFAULT '1',
  `assignable` tinyint(1) DEFAULT '1',
  `builtin` int(11) NOT NULL DEFAULT '0',
  `permissions` text,
  PRIMARY KEY (`id`)
) ENGINE=InnoDB AUTO_INCREMENT=4 DEFAULT CHARSET=utf8;
/*!40101 SET character_set_client = @saved_cs_client */;

--
-- Dumping data for table `roles`
--

LOCK TABLES `roles` WRITE;
/*!40000 ALTER TABLE `roles` DISABLE KEYS */;
INSERT INTO `roles` VALUES (1,'Non member',1,1,1,NULL),(2,'Anonymous',2,1,2,NULL),(3,'sviluppatore',3,1,0,'--- \n- :add_project\n- :edit_project\n- :select_project_modules\n- :manage_members\n- :manage_versions\n- :add_subprojects\n- :manage_boards\n- :add_messages\n- :edit_messages\n- :edit_own_messages\n- :delete_messages\n- :delete_own_messages\n- :view_calendar\n- :manage_documents\n- :view_documents\n- :manage_files\n- :view_files\n- :view_gantt\n- :manage_categories\n- :view_issues\n- :add_issues\n- :edit_issues\n- :manage_issue_relations\n- :manage_subtasks\n- :add_issue_notes\n- :edit_issue_notes\n- :edit_own_issue_notes\n- :move_issues\n- :delete_issues\n- :manage_public_queries\n- :save_queries\n- :view_issue_watchers\n- :add_issue_watchers\n- :delete_issue_watchers\n- :manage_news\n- :comment_news\n- :manage_repository\n- :browse_repository\n- :view_changesets\n- :commit_access\n- :log_time\n- :view_time_entries\n- :edit_time_entries\n- :edit_own_time_entries\n- :manage_project_activities\n- :manage_wiki\n- :rename_wiki_pages\n- :delete_wiki_pages\n- :view_wiki_pages\n- :export_wiki_pages\n- :view_wiki_edits\n- :edit_wiki_pages\n- :delete_wiki_pages_attachments\n- :protect_wiki_pages\n');
/*!40000 ALTER TABLE `roles` ENABLE KEYS */;
UNLOCK TABLES;

--
-- Table structure for table `versions`
--

DROP TABLE IF EXISTS `versions`;
/*!40101 SET @saved_cs_client     = @@character_set_client */;
/*!40101 SET character_set_client = utf8 */;
CREATE TABLE `versions` (
  `id` int(11) NOT NULL AUTO_INCREMENT,
  `project_id` int(11) NOT NULL DEFAULT '0',
  `name` varchar(255) NOT NULL DEFAULT '',
  `description` varchar(255) DEFAULT '',
  `effective_date` date DEFAULT NULL,
  `created_on` datetime DEFAULT NULL,
  `updated_on` datetime DEFAULT NULL,
  `wiki_page_title` varchar(255) DEFAULT NULL,
  `status` varchar(255) DEFAULT 'open',
  `sharing` varchar(255) NOT NULL DEFAULT 'none',
  PRIMARY KEY (`id`),
  KEY `versions_project_id` (`project_id`),
  KEY `index_versions_on_sharing` (`sharing`)
) ENGINE=InnoDB AUTO_INCREMENT=6 DEFAULT CHARSET=utf8;
/*!40101 SET character_set_client = @saved_cs_client */;

--
-- Dumping data for table `versions`
--

LOCK TABLES `versions` WRITE;
/*!40000 ALTER TABLE `versions` DISABLE KEYS */;
INSERT INTO `versions` VALUES (1,1,'0.1','Beta 0.1','2010-09-29','2011-05-12 11:32:17','2011-05-12 11:32:17','','open','none'),(2,1,'1.0','Prima release','2011-05-09','2011-05-12 11:32:32','2011-05-12 11:32:32','','open','none'),(3,2,'beta1','beta1','2011-05-18','2011-05-12 12:19:26','2011-05-12 12:19:26','','open','none'),(4,2,'public release 1.0','public release 1.0',NULL,'2011-05-12 12:20:05','2011-05-12 12:20:05','','open','none'),(5,2,'cippa version','',NULL,'2011-05-12 12:20:37','2011-05-12 12:20:37',NULL,'open','none');
/*!40000 ALTER TABLE `versions` ENABLE KEYS */;
UNLOCK TABLES;

--
-- Table structure for table `settings`
--

DROP TABLE IF EXISTS `settings`;
/*!40101 SET @saved_cs_client     = @@character_set_client */;
/*!40101 SET character_set_client = utf8 */;
CREATE TABLE `settings` (
  `id` int(11) NOT NULL AUTO_INCREMENT,
  `name` varchar(255) NOT NULL DEFAULT '',
  `value` text,
  `updated_on` datetime DEFAULT NULL,
  PRIMARY KEY (`id`),
  KEY `index_settings_on_name` (`name`)
) ENGINE=InnoDB DEFAULT CHARSET=utf8;
/*!40101 SET character_set_client = @saved_cs_client */;

--
-- Dumping data for table `settings`
--

LOCK TABLES `settings` WRITE;
/*!40000 ALTER TABLE `settings` DISABLE KEYS */;
/*!40000 ALTER TABLE `settings` ENABLE KEYS */;
UNLOCK TABLES;

--
-- Table structure for table `repositories`
--

DROP TABLE IF EXISTS `repositories`;
/*!40101 SET @saved_cs_client     = @@character_set_client */;
/*!40101 SET character_set_client = utf8 */;
CREATE TABLE `repositories` (
  `id` int(11) NOT NULL AUTO_INCREMENT,
  `project_id` int(11) NOT NULL DEFAULT '0',
  `url` varchar(255) NOT NULL DEFAULT '',
  `login` varchar(60) DEFAULT '',
  `password` varchar(60) DEFAULT '',
  `root_url` varchar(255) DEFAULT '',
  `type` varchar(255) DEFAULT NULL,
  PRIMARY KEY (`id`),
  KEY `index_repositories_on_project_id` (`project_id`)
) ENGINE=InnoDB AUTO_INCREMENT=2 DEFAULT CHARSET=utf8;
/*!40101 SET character_set_client = @saved_cs_client */;

--
-- Dumping data for table `repositories`
--

LOCK TABLES `repositories` WRITE;
/*!40000 ALTER TABLE `repositories` DISABLE KEYS */;
INSERT INTO `repositories` VALUES (1,2,'/Users/predo/mercurial/portofino','','','/Users/predo/mercurial/portofino','Mercurial');
/*!40000 ALTER TABLE `repositories` ENABLE KEYS */;
UNLOCK TABLES;

--
-- Table structure for table `wiki_contents`
--

DROP TABLE IF EXISTS `wiki_contents`;
/*!40101 SET @saved_cs_client     = @@character_set_client */;
/*!40101 SET character_set_client = utf8 */;
CREATE TABLE `wiki_contents` (
  `id` int(11) NOT NULL AUTO_INCREMENT,
  `page_id` int(11) NOT NULL,
  `author_id` int(11) DEFAULT NULL,
  `text` longtext,
  `comments` varchar(255) DEFAULT '',
  `updated_on` datetime NOT NULL,
  `version` int(11) NOT NULL,
  PRIMARY KEY (`id`),
  KEY `wiki_contents_page_id` (`page_id`),
  KEY `index_wiki_contents_on_author_id` (`author_id`)
) ENGINE=InnoDB AUTO_INCREMENT=4 DEFAULT CHARSET=utf8;
/*!40101 SET character_set_client = @saved_cs_client */;

--
-- Dumping data for table `wiki_contents`
--

LOCK TABLES `wiki_contents` WRITE;
/*!40000 ALTER TABLE `wiki_contents` DISABLE KEYS */;
INSERT INTO `wiki_contents` VALUES (1,1,3,'h1. Wikiq\r\n\r\nQuesta è la pagina prinvipale del wiki.\r\n* pippo\r\n* pluto\r\n* paperino \r\n\r\nEcco!!!\r\n[[Pagina interna]]\r\n[[Wikiqq>pippo]]\r\n[[Wikiqq/pippo]]\r\n[[Wikiqq:pippo]]\r\n','','2011-05-12 13:50:07',7),(2,2,3,'h1. Pagina interna\r\n\r\nBla bla','','2011-05-12 13:48:51',1),(3,3,3,'h1. Wikiqqpippo\r\n\r\nIssue #1','','2011-05-12 13:51:06',1);
/*!40000 ALTER TABLE `wiki_contents` ENABLE KEYS */;
UNLOCK TABLES;

--
-- Table structure for table `projects_trackers`
--

DROP TABLE IF EXISTS `projects_trackers`;
/*!40101 SET @saved_cs_client     = @@character_set_client */;
/*!40101 SET character_set_client = utf8 */;
CREATE TABLE `projects_trackers` (
  `project_id` int(11) NOT NULL DEFAULT '0',
  `tracker_id` int(11) NOT NULL DEFAULT '0',
  UNIQUE KEY `projects_trackers_unique` (`project_id`,`tracker_id`),
  KEY `projects_trackers_project_id` (`project_id`)
) ENGINE=InnoDB DEFAULT CHARSET=utf8;
/*!40101 SET character_set_client = @saved_cs_client */;

--
-- Dumping data for table `projects_trackers`
--

LOCK TABLES `projects_trackers` WRITE;
/*!40000 ALTER TABLE `projects_trackers` DISABLE KEYS */;
INSERT INTO `projects_trackers` VALUES (1,1),(1,2),(2,1),(2,2),(3,1),(3,2);
/*!40000 ALTER TABLE `projects_trackers` ENABLE KEYS */;
UNLOCK TABLES;

--
-- Table structure for table `journal_details`
--

DROP TABLE IF EXISTS `journal_details`;
/*!40101 SET @saved_cs_client     = @@character_set_client */;
/*!40101 SET character_set_client = utf8 */;
CREATE TABLE `journal_details` (
  `id` int(11) NOT NULL AUTO_INCREMENT,
  `journal_id` int(11) NOT NULL DEFAULT '0',
  `property` varchar(30) NOT NULL DEFAULT '',
  `prop_key` varchar(30) NOT NULL DEFAULT '',
  `old_value` varchar(255) DEFAULT NULL,
  `value` varchar(255) DEFAULT NULL,
  PRIMARY KEY (`id`),
  KEY `journal_details_journal_id` (`journal_id`)
) ENGINE=InnoDB AUTO_INCREMENT=15 DEFAULT CHARSET=utf8;
/*!40101 SET character_set_client = @saved_cs_client */;

--
-- Dumping data for table `journal_details`
--

LOCK TABLES `journal_details` WRITE;
/*!40000 ALTER TABLE `journal_details` DISABLE KEYS */;
INSERT INTO `journal_details` VALUES (1,1,'attr','assigned_to_id',NULL,'4'),(2,3,'attr','fixed_version_id',NULL,'5'),(3,4,'attr','done_ratio','0','100'),(4,5,'attr','priority_id','3','4'),(5,6,'attr','due_date','2011-05-26','2011-05-27'),(6,6,'attr','status_id','1','2'),(7,6,'attr','assigned_to_id',NULL,'4'),(8,6,'attr','priority_id','4','3'),(9,6,'attr','fixed_version_id','5','3'),(10,6,'attr','start_date','2011-05-17','2011-05-09'),(11,6,'attr','done_ratio','100','20'),(12,6,'attr','estimated_hours','13.0','23.0'),(13,7,'attr','status_id','1','2'),(14,7,'attr','fixed_version_id',NULL,'4');
/*!40000 ALTER TABLE `journal_details` ENABLE KEYS */;
UNLOCK TABLES;

--
-- Table structure for table `queries`
--

DROP TABLE IF EXISTS `queries`;
/*!40101 SET @saved_cs_client     = @@character_set_client */;
/*!40101 SET character_set_client = utf8 */;
CREATE TABLE `queries` (
  `id` int(11) NOT NULL AUTO_INCREMENT,
  `project_id` int(11) DEFAULT NULL,
  `name` varchar(255) NOT NULL DEFAULT '',
  `filters` text,
  `user_id` int(11) NOT NULL DEFAULT '0',
  `is_public` tinyint(1) NOT NULL DEFAULT '0',
  `column_names` text,
  `sort_criteria` text,
  `group_by` varchar(255) DEFAULT NULL,
  PRIMARY KEY (`id`),
  KEY `index_queries_on_project_id` (`project_id`),
  KEY `index_queries_on_user_id` (`user_id`)
) ENGINE=InnoDB AUTO_INCREMENT=2 DEFAULT CHARSET=utf8;
/*!40101 SET character_set_client = @saved_cs_client */;

--
-- Dumping data for table `queries`
--

LOCK TABLES `queries` WRITE;
/*!40000 ALTER TABLE `queries` DISABLE KEYS */;
INSERT INTO `queries` VALUES (1,2,'open tickets in cippa version','--- \nfixed_version_id: \n  :operator: \"=\"\n  :values: \n  - \"5\"\nstatus_id: \n  :operator: o\n  :values: \n  - \"1\"\n',3,0,NULL,'--- []\n\n','');
/*!40000 ALTER TABLE `queries` ENABLE KEYS */;
UNLOCK TABLES;

--
-- Table structure for table `wikis`
--

DROP TABLE IF EXISTS `wikis`;
/*!40101 SET @saved_cs_client     = @@character_set_client */;
/*!40101 SET character_set_client = utf8 */;
CREATE TABLE `wikis` (
  `id` int(11) NOT NULL AUTO_INCREMENT,
  `project_id` int(11) NOT NULL,
  `start_page` varchar(255) NOT NULL,
  `status` int(11) NOT NULL DEFAULT '1',
  PRIMARY KEY (`id`),
  KEY `wikis_project_id` (`project_id`)
) ENGINE=InnoDB AUTO_INCREMENT=4 DEFAULT CHARSET=utf8;
/*!40101 SET character_set_client = @saved_cs_client */;

--
-- Dumping data for table `wikis`
--

LOCK TABLES `wikis` WRITE;
/*!40000 ALTER TABLE `wikis` DISABLE KEYS */;
INSERT INTO `wikis` VALUES (1,1,'Wiki',1),(2,2,'Wiki',1),(3,3,'Wiki',1);
/*!40000 ALTER TABLE `wikis` ENABLE KEYS */;
UNLOCK TABLES;

--
-- Table structure for table `changes`
--

DROP TABLE IF EXISTS `changes`;
/*!40101 SET @saved_cs_client     = @@character_set_client */;
/*!40101 SET character_set_client = utf8 */;
CREATE TABLE `changes` (
  `id` int(11) NOT NULL AUTO_INCREMENT,
  `changeset_id` int(11) NOT NULL,
  `action` varchar(1) NOT NULL DEFAULT '',
  `path` text NOT NULL,
  `from_path` text,
  `from_revision` varchar(255) DEFAULT NULL,
  `revision` varchar(255) DEFAULT NULL,
  `branch` varchar(255) DEFAULT NULL,
  PRIMARY KEY (`id`),
  KEY `changesets_changeset_id` (`changeset_id`)
) ENGINE=InnoDB AUTO_INCREMENT=23824 DEFAULT CHARSET=utf8;
/*!40101 SET character_set_client = @saved_cs_client */;

--
-- Dumping data for table `changes`
--

LOCK TABLES `changes` WRITE;
/*!40000 ALTER TABLE `changes` DISABLE KEYS */;
/*!40000 ALTER TABLE `changes` ENABLE KEYS */;
UNLOCK TABLES;
/*!40103 SET TIME_ZONE=@OLD_TIME_ZONE */;

/*!40101 SET SQL_MODE=@OLD_SQL_MODE */;
/*!40014 SET FOREIGN_KEY_CHECKS=@OLD_FOREIGN_KEY_CHECKS */;
/*!40014 SET UNIQUE_CHECKS=@OLD_UNIQUE_CHECKS */;
/*!40101 SET CHARACTER_SET_CLIENT=@OLD_CHARACTER_SET_CLIENT */;
/*!40101 SET CHARACTER_SET_RESULTS=@OLD_CHARACTER_SET_RESULTS */;
/*!40101 SET COLLATION_CONNECTION=@OLD_COLLATION_CONNECTION */;
/*!40111 SET SQL_NOTES=@OLD_SQL_NOTES */;

-- Dump completed on 2011-05-20  8:18:49
